กลิ่น (scent),ขนาด (size),เกรด (grade),SKU,Barcode
1000 Thousand,10 ml.,EDP,THD-10 ml,8857128012051
1000 Thousand,30 ml.,EDP,THD-30 ml,8857128012050
1000 Thousand,4 ml.,EDP,THD-4 ml,8857128012052
1000 Thousand,50 ml.,EDP,THD-50 ml,8857128011188
1000 Thousand TRY ME!,30 ml.,EDP,THM-30 ml,THM30
1000 Thousand TRY ME!,50 ml.,EDP,THM-50 ml,THM50
Amber Silky,50 ml,EDP,,8857128011195
Amber Spangle,10 ml.,EDP+,ASM-10 ml,8857128012151
Amber Spangle,30 ml.,EDP+,ASE-30 ml,8857128012004
Amber Spangle,4 ml,EDP+,,8857128012152
Amber Spangle,50 ml.,EDP+,ASE-50 ml,8857128011652
Amber Spangle TRY ME!,30 ml.,EDP+,ASM-30 ml,ASM30
Amber Spangle TRY ME!,50 ml.,EDP+,ASM-50 ml,ASM50
Angel,10 ml.,EDP,AGM-10ml,8857128012166
Angel,30 ml.,EDP,AGM-30ml,8857128012165
Angel,4 ml.,EDP,AGM-4ml,8857128012167
Angel,50 ml.,EDP,AGM-50ml,8857128011577
Angel TRY ME!,50 ml.,EDP,AGT-50ml,AGM50
Apple Cinnamon,50 ml,EDP,,8857128011768
Aqua,10 ml.,EDP,AQA-10 ml,8857128012026
Aqua,30 ml.,EDP,AQA-30 ml,8857128012022
Aqua,4 ml.,EDP,AQA-4 ml,8857128012044
Aqua,50 ml.,EDP,AQA-50 ml,8857128012018
Aqua TRY ME!,30 ml.,EDP,AQM-30 ml,AQM30
Aqua TRY ME!,50 ml.,EDP,AQM-50 ml,AQM50
Argentum,10 ml,EDP,ARM-10 ml,8857128012136
Argentum,30 ml,EDP,ARM-30 ml,8857128012135
Argentum,4 ml,EDP,ARM-4 ml,8857128012137
Argentum,50 ml.,EDP,ARM-50 ml,8857128011232
Argentum TRY ME!,30 ml.,EDP,AMM-30 ml,AMM30
Argentum TRY ME!,50 ml.,EDP,AMM-50 ml,AMM50
Atlantis,30 ml.,EDP,ATS-30 ml,8857128011928
Atlantis,50 ml.,EDP,ATS-50 ml,8857128011416
Atlantis TRY ME!,30 ml.,EDP,ATM-30 ml,ATM30
Atlantis TRY ME!,50 ml.,EDP,ATM-50 ml,ATM50
Beyond,10 ml.,EDP,BED-10 ml,8857128012032
Beyond,30 ml.,EDP,BED-30 ml,8857128012031
Beyond,4 ml.,EDP,BED-4 ml,8857128012033
Beyond,50 ml.,EDP,BED-50 ml,8857128011072
Beyond TRY ME!,30 ml.,EDP,BYM-30 ml,BYM30
Beyond TRY ME!,50 ml.,EDP,BYM-50 ml,BYM50
Blackest Black,10 ml.,EDP+,BBK-10 ml,8857128012101
Blackest Black,30 ml.,EDP+,BBK-30 ml,8857128012005
Blackest Black,4 ml.,EDP+,BBK-4 ml,8857128012102
Blackest Black,50 ml.,EDP+,BBK-50 ml,8857128011669
Blackest Black TRY ME!,30 ml.,EDP+,BBM-30 ml,BBM30
Blackest Black TRY ME!,50 ml.,EDP+,BBM-50 ml,BBM50
Blind Magnolia,10 ml.,EDP,BMA-10 ml,8857128012065
Blind Magnolia,30 ml.,EDP,BMA-30 ml,8857128012064
Blind Magnolia,4 ml.,EDP,BMA-4 ml,8857128012066
Blind Magnolia,50 ml.,EDP,BMA-50 ml,8857128011225
Blind Magnolia TRY ME!,30 ml.,EDP,BMM-30 ml,BMM30
Blind Magnolia TRY ME!,50 ml.,EDP,BMM-50 ml,BMM50
Buoyant,10 ml.,EDP,BUT-10 ml,8857128012077
Buoyant,30 ml.,EDP,AUT-30 ml,8857128012025
Buoyant,4 ml.,EDP,BUT-4 ml,8857128012078
Buoyant,50 ml.,EDP,BUT-50 ml,8857128011775
Buoyant,50 ml.,EDP,BUT-50 ml,8857128012021
Buoyant TRY ME!,30 ml.,EDP,BUM-30 ml,BUM30
Buoyant TRY ME!,50 ml.,EDP,BUM-50 ml,BUM50
Cherry Dance,10 ml.,EDP,CEB-10 ml,8857128012120
Cherry Dance,30 ml.,EDP,CDY-30 ml,8857128011959
Cherry Dance,4 ml.,EDP,CEB-4 ml,8857128012121
Cherry Dance,50 ml.,EDP,CEB-50 ml,8857128011782
Cherry Dance TRY ME!,30 ml.,EDP,CDM-30 ml,CDM30
Cherry Dance TRY ME!,50 ml.,EDP,CDM-50 ml,CDM50
Cherry Shade,10 ml.,EDP,CRS-10ml,8857128012154
Cherry Shade,30 ml.,EDP,CRS-30ml,8857128012153
Cherry Shade,4 ml.,EDP,CRS-4ml,8857128012155
Cherry Shade,50 ml.,EDP,CRS-50ml,8857128011560
Cherry Shade TRY ME!,50 ml.,EDP,CRST-50ml,CRS50
Cloth BAG CYOC,Size M,Cloth,CLO-M,8857128012132
Cocoa Gourmet,10 ml.,EDP,COA-10 ml,8857128012106
Cocoa Gourmet,30 ml.,EDP,COA-30 ml,8857128012105
Cocoa Gourmet,4 ml.,EDP,COA-4 ml,8857128012107
Cocoa Gourmet,50 ml.,EDP,COA-50 ml,8857128011126
Cocoa Gourmet TRY ME!,30 ml.,EDP,CGM-30 ml,CGM30
Cocoa Gourmet TRY ME!,50 ml.,EDP,CGM-50 ml,CGM50
Code Red,10 ml.,EDP,CRD-10 ml,8857128012082
Code Red,30 ml.,EDP,CRD-30 ml,8857128012081
Code Red,4 ml.,EDP,CRD-4 ml,8857128012083
Code Red,50 ml.,EDP,CRD-50 ml,8857128011423
Code Red TRY ME!,30 ml.,EDP,CRM-30 ml,CRM30
Code Red TRY ME!,50 ml.,EDP,CRM-50 ml,CRM50
Dionysus X,10 ml.,EDP,DIX-10 ml,8857128012087
Dionysus X,30 ml.,EDP,DIX-30 ml,8857128012086
Dionysus X,4 ml.,EDP,DIX-4 ml,8857128012088
Dionysus X,50 ml.,EDP,DIX-50 ml,8857128011331
Dionysus X TRY ME!,30 ml.,EDP+,DXM-30 ml,DXM30
Dionysus X TRY ME!,50 ml.,EDP+,DXM-50 ml,DXM50
Dream Island,10 ml.,EDP,DID-10 ml,8857128012030
Dream Island,30 ml.,EDP,DID-30 ml,8857128011874
Dream Island,4 ml.,EDP,DID-4 ml,8857128012015
Dream Island,50 ml.,EDP,DID-50 ml,8857128011300
Dream Island TRY ME!,30 ml.,EDP,DIM-30 ml,DIM30
Dream Island TRY ME!,50 ml.,EDP,DIM-50 ml,DIM50
Dynasty,10 ml.,EDP,DYY-10 ml,8857128012128
Dynasty,30 ml.,EDP,AMS-30 ml,8857128011812
Dynasty,4 ml.,EDP,DYY-4 ml,8857128012129
Dynasty,50 ml.,EDP,DYY-50 ml,8857128011010
Dynasty TRY ME!,30 ml.,EDP,DYM-30 ml,DYM30
Dynasty TRY ME!,50 ml.,EDP,DYM-50 ml,DYM50
Eden,10 ml.,EDP,EDN-10 ml,8857128012058
Eden,30 ml.,EDP,EDN-30 ml,8857128012057
Eden,4 ml.,EDP,EDN-4 ml,8857128012059
Eden,50 ml.,EDP,EDN-50 ml,8857128011317
Eden TRY ME!,30 ml.,EDP,EDM-30 ml,EDM30
Eden TRY ME!,50 ml.,EDP,EDM-50 ml,EDM50
Elite,50 ml,EDP,,8857128011324
Excalibur (EDP),10 ml.,EDP,EXR-10 ml,8857128012062
Excalibur (EDP),30 ml.,EDP,EXR-30 ml,8857128011935
Excalibur (EDP),4 ml.,EDP,EXR-4 ml,8857128012063
Excalibur (EDP),50 ml.,EDP,EXR-50 ml,8857128011133
Excalibur (EDP) TRY ME!,30 ml.,EDP,EXM-30 ml,EXM30
Excalibur (EDP) TRY ME!,50 ml.,EDP,EXM-50 ml,EXM50
Fortuna,10 ml.,EDP,FOM-10ml,8857128012173
Fortuna,30 ml.,EDP,FOM-30ml,8857128012172
Fortuna,4 ml.,EDP,FOM-4ml,8857128012174
Fortuna,50 ml.,EDP,FOM-50ml,8857128011829
Fortuna TRY ME!,50 ml.,EDP,FOR-50ml,FOM50
Found Peony,10 ml.,EDP,FPY-10 ml,8857128012090
Found Peony,30 ml.,EDP,FPY-30 ml,8857128012089
Found Peony,4 ml.,EDP,FPY-4 ml,8857128012091
Found Peony,50 ml.,EDP,FPY-50 ml,8857128011218
Found Peony TRY ME!,30 ml.,EDP,FPM-30 ml,FPM30
Found Peony TRY ME!,50 ml.,EDP,FPM-50 ml,FPM50
Frisky,50 ml,EDP,,8857128011447
Gambling34+35,10 ml.,PARFUM,GAG-10 ml,8857128012103
Gambling34+35,4 ml.,PARFUM,GAG-4 ml,8857128012104
Gambling34+35,50 ml.,PARFUM,GAG-50 ml,8857128011591
Gambling34+35 TRY ME!,30 ml.,PARFUM,GAM-30 ml,GAM30
Gambling34+35 TRY ME!,50 ml.,PARFUM,GAM-50 ml,GAM50
Gentle Elixir,10 ml.,EDP,GER-10 ml,8857128012142
Gentle Elixir,30 ml.,EDP,GER-30 ml,8857128012141
Gentle Elixir,4 ml.,EDP,GER-4 ml,8857128012143
Gentle Elixir,50 ml.,EDP,GER-50 ml,8857128012140
Gentle Elixir TRY ME!,30 ml.,EDP,GEM-30 ml,GER30
Gentle Elixir TRY ME!,50 ml.,EDP,GEM-50 ml,GER50
Hercules,10 ml.,EDP,HES-10 ml,8857128011744
Hercules,30 ml.,EDP,HES-30 ml,8857128011737
Hercules,4 ml.,EDP,HES-4 ml,8857128011546
Hercules,50 ml.,EDP,HES-50 ml,8857128011034
Hercules TRY ME!,30 ml.,EDP,HEM-30 ml,HEM30
Hercules TRY ME!,50 ml.,EDP,HEM-50 ml,HEM50
Impression,10 ml.,EDP+,IMN-30 ml,8857128012126
Impression,30 ml.,EDP+,AMN-30 ml,8857128012006
Impression,4 ml.,EDP+,IMN-30 ml,8857128012127
Impression,50 ml.,EDP+,IMN-50 ml,8857128011676
Impression TRY ME!,30 ml.,EDP+,IMM-30 ml,IMM30
Impression TRY ME!,50 ml.,EDP+,IMM-50 ml,IMM50
Ischyros,50 ml,EDP,,8857128011362
La Belle,10 ml.,EDP,LBE-10 ml,8857128012034
La Belle,30 ml.,EDP,LBE-30 ml,8857128011904
La Belle,4 ml.,EDP,LBE-4 ml,8857128012016
La Belle,50 ml.,EDP,LBE-50 ml,8857128011058
La Belle TRY ME!,30 ml.,EDP,LBM-30 ml,LBM30
La Belle TRY ME!,50 ml.,EDP,LBM-50 ml,LBM50
Legend of Oud,10 ml.,EDP+,LOD-10 ml,8857128012110
Legend of Oud,30 ml.,EDP+,LOD-30 ml,8857128012007
Legend of Oud,4 ml.,EDP+,LOD-4 ml,8857128012111
Legend of Oud,50 ml.,EDP+,LOD-50 ml,8857128011683
Legend of Oud TRY ME!,30 ml.,EDP+,LOM-30 ml,LOM30
Legend of Oud TRY ME!,50 ml.,EDP+,LOM-50 ml,LOM50
Legendary,10 ml.,EDP,LEY-10 ml,8857128012073
Legendary,30 ml.,EDP,LEY-30 ml,8857128012072
Legendary,4 ml.,EDP,LEY-4 ml,8857128012074
Legendary,50 ml.,EDP,LEY-50 ml,8857128011454
Legendary TRY ME!,30 ml.,EDP,LEM-30 ml,LEM30
Legendary TRY ME!,50 ml.,EDP,LEM-50 ml,LEM50
Lure,50 ml,EDP+,,8857128011393
Luscious Santal,10 ml.,EDP+,LSL-10 ml,8857128012122
Luscious Santal,30 ml.,EDP+,LSL-30 ml,8857128012008
Luscious Santal,4 ml.,EDP+,LSL-4 ml,8857128012123
Luscious Santal,50 ml.,EDP+,LSL-50 ml,8857128011690
Luscious Santal TRY ME!,30 ml.,EDP+,LSM-30 ml,LSM30
Luscious Santal TRY ME!,50 ml.,EDP+,LSM-50 ml,LSM50
Make Way,10 ml.,EDP,MWY-10 ml,8857128012028
Make Way,30 ml.,EDP,MWY-30 ml,8857128012024
Make Way,4 ml.,EDP,MWY-4 ml,8857128012049
Make Way,50 ml.,EDP,MWY-50 ml,8857128012020
Make Way TRY ME!,30 ml.,EDP,MWM-30 ml,MWM30
Make Way TRY ME!,50 ml.,EDP,MWM-50 ml,MWM50
Mellow,10 ml.,EDP,MEL-10 ml,8857128012149
Mellow,30 ml.,EDP,MEL-30 ml,8857128012148
Mellow,4 ml.,EDP,MEL-4 ml,8857128012150
Mellow,50 ml.,EDP,MEL-50 ml,8857128011249
Mellow TRY ME!,50 ml.,EDP,MEM-50ml,MEM50
Moon Light,10 ml.,EDP,MLT-10 ml,8857128012067
Moon Light,30 ml.,EDP,MOT-30 ml,8857128012014
Moon Light,4 ml.,EDP,MLT-4 ml,8857128012068
Moon Light,50 ml.,EDP,MLT-50 ml,8857128011089
Moon Light TRY ME!,30 ml.,EDP,MLM-30 ml,MLM30
Moon Light TRY ME!,50 ml.,EDP,MLM-50 ml,MLM50
Never Blue,10 ml.,EDP,NBE-10 ml,8857128012035
Never Blue,30 ml.,EDP,NBE-30 ml,8857128011836
Never Blue,4 ml.,EDP,NBE-4 ml,8857128012036
Never Blue,50 ml.,EDP,NBE-50 ml,8857128011287
Never Blue TRY ME!,30 ml.,EDP,NBM-30 ml,NBM30
Never Blue TRY ME!,50 ml.,EDP,NBM-50 ml,NBM50
Nifty,50 ml,EDP+,,8857128011409
Nouveau,10 ml.,EDP,NOM-10ml,8857128012170
Nouveau,30 ml.,EDP,NOM-30ml,8857128012169
Nouveau,4 ml.,EDP,NOM-4ml,8857128012171
Nouveau,50 ml.,EDP,NOM-50ml,8857128011799
Nouveau TRY ME!,50 ml.,EDP,NOU-50ml,NOM50
Oak & Berry,50 ml,EDP,,8857128011478
Passion,10 ml.,EDP,PSS-10ml,8857128012157
Passion,30 ml.,EDP,PSS-30ml,8857128012156
Passion,4 ml.,EDP,PSS-4ml,8857128012158
Passion,50 ml.,EDP,PSS-50ml,8857128011584
Passion TRY ME!,50 ml.,EDP,PSST-50ml,PSS50
Patchouli Absolute,10 ml.,EDP+,PAE-10 ml,8857128012114
Patchouli Absolute,30 ml.,EDP+,PAE-30 ml,8857128012009
Patchouli Absolute,4 ml.,EDP+,PAE-4 ml,8857128012115
Patchouli Absolute,50 ml.,EDP+,PAE-50 ml,8857128011706
Patchouli Absolute TRY ME!,30 ml.,EDP+,PAM-30 ml,PAM30
Patchouli Absolute TRY ME!,50 ml.,EDP+,PAM-50 ml,PAM50
Perfect Pear,10 ml.,EDP,PPR-10 ml,8857128012084
Perfect Pear,30 ml.,EDP,PPR-30 ml,8857128011973
Perfect Pear,4 ml.,EDP,PPR-4 ml,8857128012085
Perfect Pear,50 ml.,EDP,PPR-50 ml,8857128011201
Perfect Pear TRY ME!,30 ml.,EDP,PPM-30 ml,PPM30
Perfect Pear TRY ME!,50 ml.,EDP,PPM-50 ml,PPM50
Persist,10 ml.,EDP,PET-10 ml,8857128012042
Persist,30 ml.,EDP,PET-30 ml,8857128011881
Persist,4 ml.,EDP,PET-4 ml,8857128012043
Persist,50 ml.,EDP,PET-50 ml,8857128011041
Persist TRY ME!,30 ml.,EDP,PEM-30 ml,PEM30
Persist TRY ME!,50 ml.,EDP,PEM-50 ml,PEM50
Queen,10 ml.,PARFUM,QUN-10 ml,8857128012116
Queen,30 ml.,PARFUM,QUN-30 ml,8857128012001
Queen,4 ml.,PARFUM,QUN-4 ml,8857128012117
Queen,50 ml.,PARFUM,QUN-50 ml,8857128011607
Queen TRY ME!,30 ml.,PARFUM,QUM-30 ml,QUM30
Queen TRY ME!,50 ml.,PARFUM,QUM-50 ml,QUM50
Rosarine,10 ml.,EDP,ROS-10ml,8857128012160
Rosarine,30 ml.,EDP,ROS-30ml,8857128012159
Rosarine,4 ml.,EDP,ROS-4ml,8857128012161
Rosarine,50 ml.,EDP,ROS-50ml,8857128011621
Rosarine TRY ME!,50 ml.,EDP,ROST-50ml,ROS50
Rose Oud,10 ml,EDP+,,8857128012138
Rose Oud,30 ml.,EDP+,ROD-30 ml,8857128011942
Rose Oud,4 ml,EDP+,,8857128012139
Rose Oud,50 ml.,EDP+,ROD-50 ml,8857128011386
Rose Oud TRY ME!,30 ml.,EDP+,ROM-30 ml,ROM30
Rose Oud TRY ME!,50 ml.,EDP+,ROM-50 ml,ROM50
Savoury,10 ml.,PARFUM,SAP-10 ml,8857128012118
Savoury,30 ml.,PARFUM,SAY-30 ml,8857128012002
Savoury,4 ml.,PARFUM,SAP-4 ml,8857128012119
Savoury,50 ml.,PARFUM,SAP-50 ml,8857128011614
Savoury TRY ME!,30 ml.,PARFUM,SAM-30 ml,SAM30
Savoury TRY ME!,50 ml.,PARFUM,SAM-50 ml,SAM50
Secret of Peach,10 ml.,EDP,SPH-10 ml,8857128012037
Secret of Peach,30 ml.,EDP,SPH-30 ml,8857128011850
Secret of Peach,4 ml.,EDP,SPH-4 ml,8857128012038
Secret of Peach,50 ml.,EDP,SPH-50 ml,8857128011119
Secret of Peach TRY ME!,30 ml.,EDP,SPM-30 ml,SPM30
Secret of Peach TRY ME!,50 ml.,EDP,SPM-50 ml,SPM50
Senorita,10 ml.,EDP,SEA-10 ml,8857128012039
Senorita,30 ml.,EDP,SEA-30 ml,8857128011867
Senorita,4 ml.,EDP,SEA-4 ml,8857128012040
Senorita,50 ml.,EDP,SEA-50 ml,8857128011171
Senorita TRY ME!,30 ml.,EDP,SEM-30 ml,SEM30
Senorita TRY ME!,50 ml.,EDP,SEM-50 ml,SEM50
Shadow De Bacci Light,10 ml.,EDP,SBT-10 ml,8857128012093
Shadow De Bacci Light,30 ml.,EDP,SBT-30 ml,8857128012092
Shadow De Bacci Light,4 ml.,EDP,SBT-4 ml,8857128012094
Shadow De Bacci Light,50 ml.,EDP,SBT-50 ml,8857128011294
Shadow De Bacci Light TRY ME!,30 ml.,EDP,SLM-30 ml,SLM30
Shadow De Bacci Light TRY ME!,50 ml.,EDP,SLM-50 ml,SLM50
Sicilia,10 ml.,EDP,SIA-10 ml,8857128012055
Sicilia,30 ml.,EDP,SIA-30 ml,8857128011911
Sicilia,4 ml.,EDP,SIA-4 ml,8857128012056
Sicilia,50 ml.,EDP,SIA-50 ml,8857128011140
Sicilia TRY ME!,30 ml.,EDP,SIM-30 ml,SIM30
Sicilia TRY ME!,50 ml.,EDP,SIM-50 ml,SIM50
Silver,10 ml.,EDP,SIL-10ml,8857128012163
Silver,30 ml.,EDP,SIL-30ml,8857128012162
Silver,4 ml.,EDP,SIL-4ml,8857128012164
Silver,50 ml.,EDP,SIL-50ml,8857128011638
Silver TRY ME!,50 ml.,EDP,SILT-50ml,SIL50
Soir,10 ml.,EDP,SOR-10 ml,8857128012146
Soir,30 ml.,EDP,SOR-30 ml,8857128012145
Soir,4 ml.,EDP,SOR-4 ml,8857128012147
Soir,50 ml.,EDP,SOR-50 ml,8857128012144
Soir TRY ME!,30 ml.,EDP,SOM-30 ml,SOM30
Soir TRY ME!,50 ml.,EDP,SOM-50 ml,SOM50
Soul of the Fire,50 ml,EDP,,8857128011485
Sparkling Mandarin,10 ml.,EDP+,SMN-10 ml,8857128012108
Sparkling Mandarin,30 ml.,EDP+,SMN-30 ml,8857128012010
Sparkling Mandarin,4 ml.,EDP+,SMN-4 ml,8857128012109
Sparkling Mandarin,50 ml.,EDP+,SMN-50 ml,8857128011713
Sparkling Mandarin TRY ME!,30 ml.,EDP+,SMM-30 ml,SMM30
Sparkling Mandarin TRY ME!,50 ml.,EDP+,SMM-50 ml,SMM50
Teenage Dream,10 ml.,EDP,TDM-10 ml,8857128012070
Teenage Dream,30 ml.,EDP,TDM-30 ml,8857128012069
Teenage Dream,4 ml.,EDP,TDM-4 ml,8857128012071
Teenage Dream,50 ml.,EDP,TDM-50 ml,8857128011096
Teenage Dream TRY ME!,30 ml.,EDP,TEM-30 ml,TEM30
Teenage Dream TRY ME!,50 ml.,EDP,TEM-50 ml,TEM50
Thai Perfume,50 ml.,EDT,TPF-50ml,8857128012168
Tidy,50 ml,EDP,,8857128011508
Tropical Leather,10 ml.,EDP+,TLR-10 ml,8857128012112
Tropical Leather,30 ml.,EDP+,TLR-30 ml,8857128012011
Tropical Leather,4 ml.,EDP+,TLR-4 ml,8857128012113
Tropical Leather,50 ml.,EDP+,TLR-50 ml,8857128011720
Tropical Leather TRY ME!,30 ml.,EDP+,TLM-30 ml,TLM30
Tropical Leather TRY ME!,50 ml.,EDP+,TLM-50 ml,TLM50
Tumbler CYOC (Dark Blue),Dark Blue,Tumbler,TUM-DB,8857128012131
Tumbler CYOC (White),White,Tumbler,TUM-W,8857128012130
Vandal,10 ml.,EDP,VAL-10 ml,8857128012075
Vandal,30 ml.,EDP,VAL-30 ml,8857128011980
Vandal,4 ml.,EDP+,VAL-4 ml,8857128012076
Vandal,50 ml.,EDP,VAL-50 ml,8857128011348
Vandal TRY ME!,30 ml.,EDP+,VAM-30 ml,VAM30
Vandal TRY ME!,50 ml.,EDP+,VAM-50 ml,VAM50
Velvet Oud,10 ml.,EDP,VOD-10 ml,8857128012047
Velvet Oud,30 ml.,EDP,VOD-30 ml,8857128012048
Velvet Oud,4 ml.,EDP,VOD-4 ml,8857128012046
Velvet Oud,50 ml.,EDP,VOD-50 ml,8857128011522
Velvet Oud TRY ME!,30 ml.,EDP,VOM-30 ml,VOM30
Velvet Oud TRY ME!,50 ml.,EDP,VOM-50 ml,VOM50
Victory,10 ml.,EDP,VIY-10 ml,8857128011263
Victory,30 ml.,EDP,VIY-30 ml,8857128011430
Victory,4 ml.,EDP,VIY-4 ml,8857128011751
Victory,50 ml.,EDP,VIY-50 ml,8857128011164
Victory TRY ME!,30 ml.,EDP,VYM-30 ml,VYM30
Victory TRY ME!,50 ml.,EDP,VYM-50 ml,VYM50
Vintage,10 ml.,EDP,VIE-10 ml,8857128012079
Vintage,30 ml.,EDP,VIE-30 ml,8857128011966
Vintage,4 ml.,EDP,VIE-4 ml,8857128012080
Vintage,50 ml.,EDP,VIE-50 ml,8857128011270
Vintage TRY ME!,30 ml.,EDP,VEM-30 ml,VEM30
Vintage TRY ME!,50 ml.,EDP,VEM-50 ml,VEM50
Virgin X,10 ml.,EDP,VIX-10 ml,8857128012053
Virgin X,30 ml.,EDP,VIX-30 ml,8857128011997
Virgin X,4 ml.,EDP,VIX-4 ml,8857128012054
Virgin X,50 ml.,EDP,VIX-50 ml,8857128011256
Virgin X TRY ME!,30 ml.,EDP,VXM-30 ml,VXM30
Virgin X TRY ME!,50 ml.,EDP,VXM-50 ml,VXM50
Vivid,10 ml.,EDP,VID-10 ml,8857128012060
Vivid,30 ml.,EDP,VID-30 ml,8857128011898
Vivid,4 ml.,EDP,VID-4 ml,8857128012061
Vivid,50 ml.,EDP,VID-50 ml,8857128011065
Vivid TRY ME!,30 ml.,EDP,VIM-30 ml,VIM30
Vivid TRY ME!,50 ml.,EDP,VIM-50 ml,VIM50
Volt - Aware (EDT),10 ml,EDT,,8857128020001
Volt - Aware (EDT),30 ml,EDT,,8857128020012
Volt - Aware (EDT),90 ml,EDT,,8857128020023
Volt - Benign (EDT),10 ml,EDT,,8857128020002
Volt - Benign (EDT),30 ml,EDT,,8857128020013
Volt - Benign (EDT),90 ml,EDT,,8857128020024
Volt - Elite (EDT),10 ml,EDT,,8857128020003
Volt - Elite (EDT),30 ml,EDT,,8857128020014
Volt - Elite (EDT),90 ml,EDT,,8857128020025
Volt - Gentle (EDT),10 ml,EDT,,8857128020004
Volt - Gentle (EDT),30 ml,EDT,,8857128020015
Volt - Gentle (EDT),90 ml,EDT,,8857128020026
Volt - Nifty (EDT),10 ml,EDT,,8857128020005
Volt - Nifty (EDT),30 ml,EDT,,8857128020016
Volt - Nifty (EDT),90 ml,EDT,,8857128020027
Volt - Perfect Pear (EDT),10 ml,EDT,,8857128020006
Volt - Perfect Pear (EDT),30 ml,EDT,,8857128020017
Volt - Perfect Pear (EDT),90 ml,EDT,,8857128020028
Volt - Savoury (EDT),10 ml,EDT,,8857128020007
Volt - Savoury (EDT),30 ml,EDT,,8857128020018
Volt - Savoury (EDT),90 ml,EDT,,8857128020029
Volt - Twilight (EDT),10 ml,EDT,,8857128020008
Volt - Twilight (EDT),30 ml,EDT,,8857128020019
Volt - Twilight (EDT),90 ml,EDT,,8857128020030
Volt - Vandal (EDT),10 ml,EDT,,8857128020009
Volt - Vandal (EDT),30 ml,EDT,,8857128020020
Volt - Vandal (EDT),90 ml,EDT,,8857128020031
Volt - What (EDT),10 ml,EDT,,8857128020010
Volt - What (EDT),30 ml,EDT,,8857128020021
Volt - What (EDT),90 ml,EDT,,8857128020032
Volt - You (EDT),10 ml,EDT,,8857128020011
Volt - You (EDT),30 ml,EDT,,8857128020022
Volt - You (EDT),90 ml,EDT,,8857128020033
Voyage,10 ml.,EDP,VOE-10 ml,8857128012027
Voyage,30 ml.,EDP,VOE-30 ml,8857128012023
Voyage,4 ml.,EDP,VOE-4 ml,8857128012045
Voyage,50 ml.,EDP,VOE-50 ml,8857128012019
Voyage TRY ME!,30 ml.,EDP,VGM-30 ml,VGM30
Voyage TRY ME!,50 ml.,EDP,VGM-50 ml,VGM50
Wealth,10 ml.,EDP,WEH-10 ml,8857128012096
Wealth,30 ml.,EDP,WEH-30 ml,8857128012095
Wealth,4 ml.,EDP+,WEH-4 ml,8857128012097
Wealth,50 ml.,EDP,WEH-50 ml,8857128011379
Wealth TRY ME!,30 ml.,EDP+,WEM-30 ml,WEM30
Wealth TRY ME!,50 ml.,EDP+,WEM-50 ml,WEM50
What,10 ml.,PARFUM,WHP-10 ml,8857128012124
What,30 ml.,PARFUM,WHA-30 ml,8857128012013
What,4 ml.,PARFUM,WHP-4 ml,8857128012125
What,50 ml.,PARFUM,WHP-50 ml,8857128011645
What TRY ME!,30 ml.,PARFUM,WHM-30 ml,WHM30
What TRY ME!,50 ml.,PARFUM,WHM-50 ml,WHM50
White Velour,10 ml,EDP+,,8857128012176
White Velour,30 ml,EDP+,,8857128012175
White Velour,4 ml,EDP+,,8857128012177
White Velour,50 ml,EDP+,,8857128011553
Zeus,10 ml.,EDP,ZES-10 ml,8857128012041
Zeus,30 ml.,EDP,ZES-30 ml,8857128011843
Zeus,4 ml.,EDP,ZES-4 ml,8857128012017
Zeus,50 ml.,EDP,ZES-50 ml,8857128011027
Zeus TRY ME!,30 ml.,EDP,ZEM-30 ml,ZEM30
Zeus TRY ME!,50 ml.,EDP,ZEM-50 ml,ZEM50
ถุงกระดาษ Size M,Size M,Bag,BAG-M,8857128012134
ถุงกระดาษ Size S,Size S,Bag,BAG-S,8857128012133